model,accuracy,f1_weighted
NeuralNetwork,0.9901477832512315,0.9901837283193113
RandomForest,0.9507389162561576,0.9512272823364387
GradientBoosting,0.916256157635468,0.9170408411291566
